tRNA_type	tRNA_start	tRNA_end	tRNA_strand	AC_pos	AC
1-tRNA-Ala	225500	225575	+	34	UGC
2-tRNA-Asp	228928	229004	+	35	GUC
3-tRNA-Asp	236931	237007	+	35	GUC
4-tRNA-Thr	262871	262946	+	34	CGU
5-tRNA-Ser	345334	345414	+	38	GGA
6-tRNA-Arg	564723	564799	+	35	UCU
7-tRNA-Gln	696430	696504	-	33	CUG
8-tRNA-Gln	696542	696616	-	33	CUG
9-tRNA-Met	696664	696740	-	35	CAU
10-tRNA-Gln	696756	696830	-	33	UUG
11-tRNA-Gln	696865	696939	-	33	UUG
12-tRNA-Leu	696963	697047	-	35	UAG
13-tRNA-Met	697057	697133	-	35	CAU
14-tRNA-Lys	780554	780629	+	34	UUU
15-tRNA-Val	780765	780840	+	34	UAC
16-tRNA-Lys	780843	780918	+	34	UUU
17-tRNA-Val	781068	781143	+	34	UAC
18-tRNA-Lys	781147	781222	+	34	UUU
19-tRNA-Lys	781369	781444	+	34	UUU
20-tRNA-Lys	781577	781652	+	34	UUU
21-tRNA-Ser	925884	925971	-	35	GGA
22-tRNA-Ser	1031625	1031712	-	35	UGA
23-tRNA-Ser	1097565	1097652	-	35	GGA
24-tRNA-Tyr	1287244	1287328	-	35	GUA
25-tRNA-Tyr	1287538	1287622	-	35	GUA
26-tRNA-Val	1746435	1746511	+	35	GAC
27-tRNA-Val	1746516	1746592	+	35	GAC
28-tRNA-Leu	1991815	1991901	-	35	UAA
29-tRNA-Cys	1991914	1991987	-	33	GCA
30-tRNA-Gly	1992042	1992117	-	34	GCC
31-tRNA-Ser	2043468	2043557	-	35	CGA
32-tRNA-Asn	2044549	2044624	+	34	GUU
33-tRNA-Asn	2058027	2058102	-	34	GUU
34-tRNA-Asn	2059851	2059926	+	34	GUU
35-tRNA-Asn	2062260	2062335	+	34	GUU
36-tRNA-Pro	2286211	2286287	+	35	GGG
37-tRNA-Arg	2466309	2466383	+	34	CCU
38-tRNA-Ala	2518041	2518116	-	34	GGC
39-tRNA-Ala	2518156	2518231	-	34	GGC
40-tRNA-Val	2520931	2521006	+	34	UAC
41-tRNA-Val	2521051	2521126	+	34	UAC
42-tRNA-Val	2521173	2521248	+	34	UAC
43-tRNA-Lys	2521253	2521328	+	34	UUU
44-tRNA-Glu	2729369	2729444	-	35	UUC
45-tRNA-Met	2785762	2785837	-	34	CAU
46-tRNA-Arg	2817784	2817860	-	35	ACG
47-tRNA-Arg	2818059	2818135	-	35	ACG
48-tRNA-Arg	2818198	2818274	-	35	ACG
49-tRNA-Arg	2818458	2818529	+	34	UCG
50-tRNA-Arg	2818473	2818549	-	35	ACG
51-tRNA-Ser	2818553	2818645	-	35	GCU
52-tRNA-Met	2947387	2947463	+	35	CAU
53-tRNA-Met	2947497	2947573	+	35	CAU
54-tRNA-Met	2947607	2947683	+	35	CAU
55-tRNA-Gly	2998984	2999057	-	33	CCC
56-tRNA-Phe	3110366	3110441	+	34	GAA
57-tRNA-Met	3215598	3215673	+	34	CAU
58-tRNA-Met	3318213	3318289	-	35	CAU
59-tRNA-Leu	3322072	3322158	-	35	GAG
60-tRNA-Thr	3423580	3423655	-	34	GGU
61-tRNA-Ala	3426958	3427033	-	34	UGC
62-tRNA-Ile	3427076	3427152	-	35	GAU
63-tRNA-Pro	3708616	3708692	-	35	CGG
64-tRNA-SeC	3836222	3836316	+	35	UCA
65-tRNA-Glu	3943435	3943510	+	35	UUC
66-tRNA-Asp	3946872	3946948	+	35	GUC
67-tRNA-Trp	3946957	3947032	+	34	CCA
68-tRNA-Arg	3982375	3982451	+	35	CCG
69-tRNA-His	3982510	3982585	+	34	GUG
70-tRNA-Leu	3982606	3982692	+	35	CAG
71-tRNA-Pro	3982735	3982811	+	35	UGG
72-tRNA-Ile	4037141	4037217	+	35	GAU
73-tRNA-Ala	4037260	4037335	+	34	UGC
74-tRNA-Glu	4168372	4168447	+	35	UUC
75-tRNA-Thr	4175388	4175463	+	34	UGU
76-tRNA-Tyr	4175472	4175556	+	35	GUA
77-tRNA-Gly	4175673	4175747	+	34	UCC
78-tRNA-Thr	4175754	4175829	+	34	GGU
79-tRNA-Glu	4209774	4209849	+	35	UUC
80-tRNA-Phe	4362551	4362626	-	34	GAA
81-tRNA-Gly	4392360	4392435	+	34	GCC
82-tRNA-Gly	4392472	4392547	+	34	GCC
83-tRNA-Gly	4392583	4392658	+	34	GCC
84-tRNA-Leu	4496405	4496489	+	35	CAA
85-tRNA-Leu	4606079	4606165	-	35	CAG
86-tRNA-Leu	4606200	4606286	-	35	CAG
87-tRNA-Leu	4606315	4606401	-	35	CAG
